Workbook

Sheet 說明
B2: 新竹排球館｜廠房搜尋清單
B3: 整理日期：2026/10/22。刊登價可議價，物件隨時下架；淨高、長寬一定要到現場用雷射測距儀量。
B5: 怎麼用 | C5: 1. 「廠房清單」每一列是一個物件。看屋或打電話後，把黃底格填上：實測淨高、實測長寬、一樓可用坪數、建管回覆。 2. 「可放幾面」「建議方案」會自動算：有填長寬就用長寬排，沒填就用坪數估。 3. 新找到的物件直接往下一列加，把上一列的公式往下拉即可。
B6: 規格怎麼定 | C6: 「規格門檻」工作表：每面場用多大（龍蝦規格 25×18 m、精簡規格 24×15 m）、公共區要幾坪、淨高門檻。改那裡，所有物件會一起重算。
B7: 兩種方向 | C7: 龍蝦的大小打起來很舒服，適合直接做 2 面專業排球場（約 310 坪）。 如果只找得到 1 面場的空間（約 150–180 坪），比較適合做「1 面排球＋複合式」：同一塊地也能排 3 面羽球、2 面匹克球或 1 個籃球半場，見「複合式配置」。
B8: 顏色 | C8: 藍字＝查到的刊登資料 黑字＝公式 綠字＝引用其他工作表 黃底＝要自己量、自己問或可調整的假設
B9: 距離 | C9: 「離最近私人球館」是直線距離，用地圖上的物件位置和 5 間私人球館位置算出，實際車程通常再多 3–5 成。物件位置多半只知道路段，誤差約幾百公尺。
B10: 找物件的管道 | C10: 591 廠房出租、樂屋網、MixRent、新竹租屋網；工業地產仲介（直接講需求：一樓、無柱、淨高 7 m 以上、150–310 坪）；開車掃街看鐵門上的「吉屋出租」；Facebook 社團「新竹廠房出租」；鄉鎮公所閒置空間。

Sheet 廠房清單
A1: 廠房清單：高度、大小、適合幾面、地點、價格
A2: 藍字＝刊登資料 黑字＝公式 黃底＝看屋時自己量或問 優先：A 先聯絡｜B 有條件可行｜C 不適合（留作比較）｜參考＝其他地區租金行情
A4: 優先 | B4: 物件 | C4: 鄉鎮 | D4: 路段 | E4: 使用分區（刊登） | F4: 樓層 | G4: 總坪數（刊登） | H4: 一樓可用坪數 | I4: 月租（元） | J4: 每坪月租（元） | K4: 淨高：刊登（m） | L4: 淨高：實測（m） | M4: 實測長（m） | N4: 實測寬（m） | O4: 判斷用淨高（m） | P4: 淨高判斷 | Q4: 可放幾面：龍蝦規格 | R4: 可放幾面：精簡規格 | S4: 建議方案 | T4: 分區提醒 | U4: 估算月租：租 2 面龍蝦規格 | V4: 離最近私人球館（km） | W4: 最近的球館 | X4: 重點／要問的 | Y4: 來源 | Z4: 連結 | AA4: 建管回覆 | AB4: 聯絡人／電話 | AC4: 看屋日期 | AD4: 備註
A5: A | B5: 竹東工業區 挑高 10 米合法廠房（大車可進） | C5: 竹東鎮 | D5: 大明路 | E5: 乙種工業區 | F5: 整棟／1F | G5: 1400 | H5: 1400 | I5: 1200000 | J5: =IF(OR(G5="",I5="",G5=0),"",I5/G5) -> 857.14286 | K5: 10 | O5: =IF(L5<>"",L5,IF(K5<>"",K5,"")) -> 10 | P5: =IF(O5="","待量",IF(O5>=規格門檻!$D$10,"理想",IF(O5>=規格門檻!$D$11,"可打","太低"))) -> 理想 | Q5: =IF(AND(M5<>"",N5<>""),MAX(INT(M5/規格門檻!$B$5)*INT(N5/規格門檻!$C$5),INT(M5/規格門檻!$C$5)*INT(N5/規格門檻!$B$5)),IF(H5="","",MAX(0,INT((H5-規格門檻!$D$8)/規格門檻!$D$5)))) -> 9 | R5: =IF(AND(M5<>"",N5<>""),MAX(INT(M5/規格門檻!$B$6)*INT(N5/規格門檻!$C$6),INT(M5/規格門檻!$C$6)*INT(N5/規格門檻!$B$6)),IF(H5="","",MAX(0,INT((H5-規格門檻!$D$8)/規格門檻!$D$6)))) -> 12 | S5: =IF(H5="","資料不足：先問坪數",IF(P5="太低","不適合：淨高不夠",IF(H5>=規格門檻!$D$12,"整棟太大：問能否分租約 "&TEXT(規格門檻!$D$18,"0")&" 坪",IF(Q5>=2,"2 面排球（龍蝦規格）",IF(R5>=2,"2 面排球（精簡）",IF(R5>=1,"1 面排球＋複合式",IF(H5>=規格門檻!$D$6,"勉強 1 面：公共區要很小","太小：放不下一面"))))))) -> 整棟太大：問能否分租約 312 坪 | T5: =IF(E5="","待查",IF(ISNUMBER(SEARCH("農業",E5)),"農業區：先問建管能否變更",IF(ISNUMBER(SEARCH("工",E5)),"工業區：可申請變更，仍要問建管","依使用執照，要問建管"))) -> 工業區：可申請變更，仍要問建管 | U5: =IF(OR(J5="",H5<規格門檻!$D$17),"",J5*規格門檻!$D$18) -> 267641.81 | V5: 8.6 | W5: 就醬瘋 | X5: 合法廠房、高度最理想。整棟太大，問能否分租約 310 坪（2 面龍蝦規格）與價格 | Y5: 591 | Z5: 開啟連結
A6: A | B6: 挑高合法廠房／近竹東火車站／可分租 | C6: 竹東鎮 | D6: 大明路 | E6: 零星工業區 | F6: 整棟／1F | G6: 1416 | H6: 1416 | I6: 1200000 | J6: =IF(OR(G6="",I6="",G6=0),"",I6/G6) -> 847.45763 | O6: =IF(L6<>"",L6,IF(K6<>"",K6,"")) | P6: =IF(O6="","待量",IF(O6>=規格門檻!$D$10,"理想",IF(O6>=規格門檻!$D$11,"可打","太低"))) -> 待量 | Q6: =IF(AND(M6<>"",N6<>""),MAX(INT(M6/規格門檻!$B$5)*INT(N6/規格門檻!$C$5),INT(M6/規格門檻!$C$5)*INT(N6/規格門檻!$B$5)),IF(H6="","",MAX(0,INT((H6-規格門檻!$D$8)/規格門檻!$D$5)))) -> 10 | R6: =IF(AND(M6<>"",N6<>""),MAX(INT(M6/規格門檻!$B$6)*INT(N6/規格門檻!$C$6),INT(M6/規格門檻!$C$6)*INT(N6/規格門檻!$B$6)),IF(H6="","",MAX(0,INT((H6-規格門檻!$D$8)/規格門檻!$D$6)))) -> 12 | S6: =IF(H6="","資料不足：先問坪數",IF(P6="太低","不適合：淨高不夠",IF(H6>=規格門檻!$D$12,"整棟太大：問能否分租約 "&TEXT(規格門檻!$D$18,"0")&" 坪",IF(Q6>=2,"2 面排球（龍蝦規格）",IF(R6>=2,"2 面排球（精簡）",IF(R6>=1,"1 面排球＋複合式",IF(H6>=規格門檻!$D$6,"勉強 1 面：公共區要很小","太小：放不下一面"))))))) -> 整棟太大：問能否分租約 312 坪 | T6: =IF(E6="","待查",IF(ISNUMBER(SEARCH("農業",E6)),"農業區：先問建管能否變更",IF(ISNUMBER(SEARCH("工",E6)),"工業區：可申請變更，仍要問建管","依使用執照，要問建管"))) -> 工業區：可申請變更，仍要問建管 | U6: =IF(OR(J6="",H6<規格門檻!$D$17),"",J6*規格門檻!$D$18) -> 264617.61 | V6: 8.6 | W6: 就醬瘋 | X6: 廣告寫「可分租」，可能和上一筆同一棟；問分租坪數與價格 | Y6: 591 | Z6: 開啟連結
A7: A | B7: 近芎林交流道竹東市區乙工挑高鋼構廠房 | C7: 竹東鎮 | D7: 大明路 | E7: 乙種工業區 | F7: 1F／1F | G7: 1800 | H7: 1800 | I7: 1350000 | J7: =IF(OR(G7="",I7="",G7=0),"",I7/G7) -> 750 | O7: =IF(L7<>"",L7,IF(K7<>"",K7,"")) | P7: =IF(O7="","待量",IF(O7>=規格門檻!$D$10,"理想",IF(O7>=規格門檻!$D$11,"可打","太低"))) -> 待量 | Q7: =IF(AND(M7<>"",N7<>""),MAX(INT(M7/規格門檻!$B$5)*INT(N7/規格門檻!$C$5),INT(M7/規格門檻!$C$5)*INT(N7/規格門檻!$B$5)),IF(H7="","",MAX(0,INT((H7-規格門檻!$D$8)/規格門檻!$D$5)))) -> 12 | R7: =IF(AND(M7<>"",N7<>""),MAX(INT(M7/規格門檻!$B$6)*INT(N7/規格門檻!$C$6),INT(M7/規格門檻!$C$6)*INT(N7/規格門檻!$B$6)),IF(H7="","",MAX(0,INT((H7-規格門檻!$D$8)/規格門檻!$D$6)))) -> 16 | S7: =IF(H7="","資料不足：先問坪數",IF(P7="太低","不適合：淨高不夠",IF(H7>=規格門檻!$D$12,"整棟太大：問能否分租約 "&TEXT(規格門檻!$D$18,"0")&" 坪",IF(Q7>=2,"2 面排球（龍蝦規格）",IF(R7>=2,"2 面排球（精簡）",IF(R7>=1,"1 面排球＋複合式",IF(H7>=規格門檻!$D$6,"勉強 1 面：公共區要很小","太小：放不下一面"))))))) -> 整棟太大：問能否分租約 312 坪 | T7: =IF(E7="","待查",IF(ISNUMBER(SEARCH("農業",E7)),"農業區：先問建管能否變更",IF(ISNUMBER(SEARCH("工",E7)),"工業區：可申請變更，仍要問建管","依使用執照，要問建管"))) -> 工業區：可申請變更，仍要問建管 | U7: =IF(OR(J7="",H7<規格門檻!$D$17),"",J7*規格門檻!$D$18) -> 234186.58 | V7: 8.6 | W7: 就醬瘋 | X7: 同區大型乙工廠房，問是否可分租 | Y7: 591 | Z7: 開啟連結
A8: A | B8: 寶山深井路 300 坪鋼構倉庫 | C8: 寶山鄉 | D8: 深井路 | E8: 工業用 | F8: 整棟／1F | G8: 300 | H8: 300 | I8: 125000 | J8: =IF(OR(G8="",I8="",G8=0),"",I8/G8) -> 416.66667 | O8: =IF(L8<>"",L8,IF(K8<>"",K8,"")) | P8: =IF(O8="","待量",IF(O8>=規格門檻!$D$10,"理想",IF(O8>=規格門檻!$D$11,"可打","太低"))) -> 待量 | Q8: =IF(AND(M8<>"",N8<>""),MAX(INT(M8/規格門檻!$B$5)*INT(N8/規格門檻!$C$5),INT(M8/規格門檻!$C$5)*INT(N8/規格門檻!$B$5)),IF(H8="","",MAX(0,INT((H8-規格門檻!$D$8)/規格門檻!$D$5)))) -> 1 | R8: =IF(AND(M8<>"",N8<>""),MAX(INT(M8/規格門檻!$B$6)*INT(N8/規格門檻!$C$6),INT(M8/規格門檻!$C$6)*INT(N8/規格門檻!$B$6)),IF(H8="","",MAX(0,INT((H8-規格門檻!$D$8)/規格門檻!$D$6)))) -> 2 | S8: =IF(H8="","資料不足：先問坪數",IF(P8="太低","不適合：淨高不夠",IF(H8>=規格門檻!$D$12,"整棟太大：問能否分租約 "&TEXT(規格門檻!$D$18,"0")&" 坪",IF(Q8>=2,"2 面排球（龍蝦規格）",IF(R8>=2,"2 面排球（精簡）",IF(R8>=1,"1 面排球＋複合式",IF(H8>=規格門檻!$D$6,"勉強 1 面：公共區要很小","太小：放不下一面"))))))) -> 2 面排球（精簡） | T8: =IF(E8="","待查",IF(ISNUMBER(SEARCH("農業",E8)),"農業區：先問建管能否變更",IF(ISNUMBER(SEARCH("工",E8)),"工業區：可申請變更，仍要問建管","依使用執照，要問建管"))) -> 工業區：可申請變更，仍要問建管 | U8: =IF(OR(J8="",H8<規格門檻!$D$17),"",J8*規格門檻!$D$18) -> 130103.66 | V8: 7.6 | W8: 排丘 | X8: 大小接近 2 面龍蝦規格；問淨高、柱距、確切位置 | Y8: 樂屋網（中信房屋） | Z8: 開啟連結
A9: B | B9: 竹東二重埔挑高倉庫 | C9: 竹東鎮 | D9: 中興路二段88巷 | E9: 農業區 | F9: 整棟／1F | G9: 150 | H9: 150 | I9: 65000 | J9: =IF(OR(G9="",I9="",G9=0),"",I9/G9) -> 433.33333 | O9: =IF(L9<>"",L9,IF(K9<>"",K9,"")) | P9: =IF(O9="","待量",IF(O9>=規格門檻!$D$10,"理想",IF(O9>=規格門檻!$D$11,"可打","太低"))) -> 待量 | Q9: =IF(AND(M9<>"",N9<>""),MAX(INT(M9/規格門檻!$B$5)*INT(N9/規格門檻!$C$5),INT(M9/規格門檻!$C$5)*INT(N9/規格門檻!$B$5)),IF(H9="","",MAX(0,INT((H9-規格門檻!$D$8)/規格門檻!$D$5)))) -> 0 | R9: =IF(AND(M9<>"",N9<>""),MAX(INT(M9/規格門檻!$B$6)*INT(N9/規格門檻!$C$6),INT(M9/規格門檻!$C$6)*INT(N9/規格門檻!$B$6)),IF(H9="","",MAX(0,INT((H9-規格門檻!$D$8)/規格門檻!$D$6)))) -> 1 | S9: =IF(H9="","資料不足：先問坪數",IF(P9="太低","不適合：淨高不夠",IF(H9>=規格門檻!$D$12,"整棟太大：問能否分租約 "&TEXT(規格門檻!$D$18,"0")&" 坪",IF(Q9>=2,"2 面排球（龍蝦規格）",IF(R9>=2,"2 面排球（精簡）",IF(R9>=1,"1 面排球＋複合式",IF(H9>=規格門檻!$D$6,"勉強 1 面：公共區要很小","太小：放不下一面"))))))) -> 1 面排球＋複合式 | T9: =IF(E9="","待查",IF(ISNUMBER(SEARCH("農業",E9)),"農業區：先問建管能否變更",IF(ISNUMBER(SEARCH("工",E9)),"工業區：可申請變更，仍要問建管","依使用執照，要問建管"))) -> 農業區：先問建管能否變更 | U9: =IF(OR(J9="",H9<規格門檻!$D$17),"",J9*規格門檻!$D$18) | V9: 4.8 | W9: 就醬瘋 | X9: 大小、租金剛好 1 面場；農業區很可能不能變更成運動場，先問建管 | Y9: 591 | Z9: 開啟連結
A10: B | B10: 近 68 快速道路倉庫（適釣蝦場、可分租） | C10: 竹東鎮 | D10: 北興路三段 | E10: 農業區 | F10: 整棟／1F | G10: 500 | H10: 500 | I10: 150000 | J10: =IF(OR(G10="",I10="",G10=0),"",I10/G10) -> 300 | O10: =IF(L10<>"",L10,IF(K10<>"",K10,"")) | P10: =IF(O10="","待量",IF(O10>=規格門檻!$D$10,"理想",IF(O10>=規格門檻!$D$11,"可打","太低"))) -> 待量 | Q10: =IF(AND(M10<>"",N10<>""),MAX(INT(M10/規格門檻!$B$5)*INT(N10/規格門檻!$C$5),INT(M10/規格門檻!$C$5)*INT(N10/規格門檻!$B$5)),IF(H10="","",MAX(0,INT((H10-規格門檻!$D$8)/規格門檻!$D$5)))) -> 3 | R10: =IF(AND(M10<>"",N10<>""),MAX(INT(M10/規格門檻!$B$6)*INT(N10/規格門檻!$C$6),INT(M10/規格門檻!$C$6)*INT(N10/規格門檻!$B$6)),IF(H10="","",MAX(0,INT((H10-規格門檻!$D$8)/規格門檻!$D$6)))) -> 4 | S10: =IF(H10="","資料不足：先問坪數",IF(P10="太低","不適合：淨高不夠",IF(H10>=規格門檻!$D$12,"整棟太大：問能否分租約 "&TEXT(規格門檻!$D$18,"0")&" 坪",IF(Q10>=2,"2 面排球（龍蝦規格）",IF(R10>=2,"2 面排球（精簡）",IF(R10>=1,"1 面排球＋複合式",IF(H10>=規格門檻!$D$6,"勉強 1 面：公共區要很小","太小：放不下一面"))))))) -> 2 面排球（龍蝦規格） | T10: =IF(E10="","待查",IF(ISNUMBER(SEARCH("農業",E10)),"農業區：先問建管能否變更",IF(ISNUMBER(SEARCH("工",E10)),"工業區：可申請變更，仍要問建管","依使用執照，要問建管"))) -> 農業區：先問建管能否變更 | U10: =IF(OR(J10="",H10<規格門檻!$D$17),"",J10*規格門檻!$D$18) -> 93674.632 | V10: 6.6 | W10: 就醬瘋 | X10: 可放 2 面場、單價便宜；農業區要先問建管 | Y10: 591 | Z10: 開啟連結
A11: B | B11: 正寶山交流道旁萬用大廠房 | C11: 寶山鄉 | D11: 大雅二街 | E11: 見使用執照 | F11: 1F／1F | G11: 150 | H11: 150 | I11: 75000 | J11: =IF(OR(G11="",I11="",G11=0),"",I11/G11) -> 500 | O11: =IF(L11<>"",L11,IF(K11<>"",K11,"")) | P11: =IF(O11="","待量",IF(O11>=規格門檻!$D$10,"理想",IF(O11>=規格門檻!$D$11,"可打","太低"))) -> 待量 | Q11: =IF(AND(M11<>"",N11<>""),MAX(INT(M11/規格門檻!$B$5)*INT(N11/規格門檻!$C$5),INT(M11/規格門檻!$C$5)*INT(N11/規格門檻!$B$5)),IF(H11="","",MAX(0,INT((H11-規格門檻!$D$8)/規格門檻!$D$5)))) -> 0 | R11: =IF(AND(M11<>"",N11<>""),MAX(INT(M11/規格門檻!$B$6)*INT(N11/規格門檻!$C$6),INT(M11/規格門檻!$C$6)*INT(N11/規格門檻!$B$6)),IF(H11="","",MAX(0,INT((H11-規格門檻!$D$8)/規格門檻!$D$6)))) -> 1 | S11: =IF(H11="","資料不足：先問坪數",IF(P11="太低","不適合：淨高不夠",IF(H11>=規格門檻!$D$12,"整棟太大：問能否分租約 "&TEXT(規格門檻!$D$18,"0")&" 坪",IF(Q11>=2,"2 面排球（龍蝦規格）",IF(R11>=2,"2 面排球（精簡）",IF(R11>=1,"1 面排球＋複合式",IF(H11>=規格門檻!$D$6,"勉強 1 面：公共區要很小","太小：放不下一面"))))))) -> 1 面排球＋複合式 | T11: =IF(E11="","待查",IF(ISNUMBER(SEARCH("農業",E11)),"農業區：先問建管能否變更",IF(ISNUMBER(SEARCH("工",E11)),"工業區：可申請變更，仍要問建管","依使用執照，要問建管"))) -> 依使用執照，要問建管 | U11: =IF(OR(J11="",H11<規格門檻!$D$17),"",J11*規格門檻!$D$18) | V11: 0.8 | W11: 排丘 | X11: 1 面場大小；問使用執照用途、淨高。離大崎球館群很近，等於正面競爭 | Y11: 樂屋網 | Z11: 開啟連結
A12: B | B12: 中豐路三段 427 巷倉庫（挑高 9 米、三相電）×4 筆 | C12: 竹東鎮 | D12: 中豐路三段427巷 | E12: 零星工業區／農業區 | F12: 1F／1F | G12: 50 | H12: 50 | I12: 25000 | J12: =IF(OR(G12="",I12="",G12=0),"",I12/G12) -> 500 | K12: 9 | O12: =IF(L12<>"",L12,IF(K12<>"",K12,"")) -> 9 | P12: =IF(O12="","待量",IF(O12>=規格門檻!$D$10,"理想",IF(O12>=規格門檻!$D$11,"可打","太低"))) -> 理想 | Q12: =IF(AND(M12<>"",N12<>""),MAX(INT(M12/規格門檻!$B$5)*INT(N12/規格門檻!$C$5),INT(M12/規格門檻!$C$5)*INT(N12/規格門檻!$B$5)),IF(H12="","",MAX(0,INT((H12-規格門檻!$D$8)/規格門檻!$D$5)))) -> 0 | R12: =IF(AND(M12<>"",N12<>""),MAX(INT(M12/規格門檻!$B$6)*INT(N12/規格門檻!$C$6),INT(M12/規格門檻!$C$6)*INT(N12/規格門檻!$B$6)),IF(H12="","",MAX(0,INT((H12-規格門檻!$D$8)/規格門檻!$D$6)))) -> 0 | S12: =IF(H12="","資料不足：先問坪數",IF(P12="太低","不適合：淨高不夠",IF(H12>=規格門檻!$D$12,"整棟太大：問能否分租約 "&TEXT(規格門檻!$D$18,"0")&" 坪",IF(Q12>=2,"2 面排球（龍蝦規格）",IF(R12>=2,"2 面排球（精簡）",IF(R12>=1,"1 面排球＋複合式",IF(H12>=規格門檻!$D$6,"勉強 1 面：公共區要很小","太小：放不下一面"))))))) -> 太小：放不下一面 | T12: =IF(E12="","待查",IF(ISNUMBER(SEARCH("農業",E12)),"農業區：先問建管能否變更",IF(ISNUMBER(SEARCH("工",E12)),"工業區：可申請變更，仍要問建管","依使用執照，要問建管"))) -> 農業區：先問建管能否變更 | U12: =IF(OR(J12="",H12<規格門檻!$D$17),"",J12*規格門檻!$D$18) | V12: 7.3 | W12: 就醬瘋 | X12: 單間太小；問 4 間是否相鄰、能否打通合租約 200 坪（其中一筆寫不可營登） | Y12: 591 | Z12: 開啟連結
A13: B | B13: 二重埔挑高 7 米工業廠房 | C13: 竹東鎮 | D13: 二重埔 | J13: =IF(OR(G13="",I13="",G13=0),"",I13/G13) | K13: 7 | O13: =IF(L13<>"",L13,IF(K13<>"",K13,"")) -> 7 | P13: =IF(O13="","待量",IF(O13>=規格門檻!$D$10,"理想",IF(O13>=規格門檻!$D$11,"可打","太低"))) -> 可打 | Q13: =IF(AND(M13<>"",N13<>""),MAX(INT(M13/規格門檻!$B$5)*INT(N13/規格門檻!$C$5),INT(M13/規格門檻!$C$5)*INT(N13/規格門檻!$B$5)),IF(H13="","",MAX(0,INT((H13-規格門檻!$D$8)/規格門檻!$D$5)))) | R13: =IF(AND(M13<>"",N13<>""),MAX(INT(M13/規格門檻!$B$6)*INT(N13/規格門檻!$C$6),INT(M13/規格門檻!$C$6)*INT(N13/規格門檻!$B$6)),IF(H13="","",MAX(0,INT((H13-規格門檻!$D$8)/規格門檻!$D$6)))) | S13: =IF(H13="","資料不足：先問坪數",IF(P13="太低","不適合：淨高不夠",IF(H13>=規格門檻!$D$12,"整棟太大：問能否分租約 "&TEXT(規格門檻!$D$18,"0")&" 坪",IF(Q13>=2,"2 面排球（龍蝦規格）",IF(R13>=2,"2 面排球（精簡）",IF(R13>=1,"1 面排球＋複合式",IF(H13>=規格門檻!$D$6,"勉強 1 面：公共區要很小","太小：放不下一面"))))))) -> 資料不足：先問坪數 | T13: =IF(E13="","待查",IF(ISNUMBER(SEARCH("農業",E13)),"農業區：先問建管能否變更",IF(ISNUMBER(SEARCH("工",E13)),"工業區：可申請變更，仍要問建管","依使用執照，要問建管"))) -> 待查 | U13: =IF(OR(J13="",H13<規格門檻!$D$17),"",J13*規格門檻!$D$18) | V13: 3.9 | W13: 就醬瘋 | X13: 讀不到坪數和租金，請直接開連結看 | Y13: 591 | Z13: 開啟連結
A14: B | B14: 竹東北埔平價倉庫 | C14: 竹東／北埔 | J14: =IF(OR(G14="",I14="",G14=0),"",I14/G14) | O14: =IF(L14<>"",L14,IF(K14<>"",K14,"")) | P14: =IF(O14="","待量",IF(O14>=規格門檻!$D$10,"理想",IF(O14>=規格門檻!$D$11,"可打","太低"))) -> 待量 | Q14: =IF(AND(M14<>"",N14<>""),MAX(INT(M14/規格門檻!$B$5)*INT(N14/規格門檻!$C$5),INT(M14/規格門檻!$C$5)*INT(N14/規格門檻!$B$5)),IF(H14="","",MAX(0,INT((H14-規格門檻!$D$8)/規格門檻!$D$5)))) | R14: =IF(AND(M14<>"",N14<>""),MAX(INT(M14/規格門檻!$B$6)*INT(N14/規格門檻!$C$6),INT(M14/規格門檻!$C$6)*INT(N14/規格門檻!$B$6)),IF(H14="","",MAX(0,INT((H14-規格門檻!$D$8)/規格門檻!$D$6)))) | S14: =IF(H14="","資料不足：先問坪數",IF(P14="太低","不適合：淨高不夠",IF(H14>=規格門檻!$D$12,"整棟太大：問能否分租約 "&TEXT(規格門檻!$D$18,"0")&" 坪",IF(Q14>=2,"2 面排球（龍蝦規格）",IF(R14>=2,"2 面排球（精簡）",IF(R14>=1,"1 面排球＋複合式",IF(H14>=規格門檻!$D$6,"勉強 1 面：公共區要很小","太小：放不下一面"))))))) -> 資料不足：先問坪數 | T14: =IF(E14="","待查",IF(ISNUMBER(SEARCH("農業",E14)),"農業區：先問建管能否變更",IF(ISNUMBER(SEARCH("工",E14)),"工業區：可申請變更，仍要問建管","依使用執照，要問建管"))) -> 待查 | U14: =IF(OR(J14="",H14<規格門檻!$D$17),"",J14*規格門檻!$D$18) | V14: 未定位 | X14: 讀不到內容，請直接開連結看 | Y14: 591 | Z14: 開啟連結
A15: C | B15: 寶山鄉深井路 700 坪鋼構倉庫（同路段另有 900 坪） | C15: 寶山鄉 | D15: 深井路 | F15: 整棟／1F | G15: 700 | H15: 700 | I15: 285000 | J15: =IF(OR(G15="",I15="",G15=0),"",I15/G15) -> 407.14286 | O15: =IF(L15<>"",L15,IF(K15<>"",K15,"")) | P15: =IF(O15="","待量",IF(O15>=規格門檻!$D$10,"理想",IF(O15>=規格門檻!$D$11,"可打","太低"))) -> 待量 | Q15: =IF(AND(M15<>"",N15<>""),MAX(INT(M15/規格門檻!$B$5)*INT(N15/規格門檻!$C$5),INT(M15/規格門檻!$C$5)*INT(N15/規格門檻!$B$5)),IF(H15="","",MAX(0,INT((H15-規格門檻!$D$8)/規格門檻!$D$5)))) -> 4 | R15: =IF(AND(M15<>"",N15<>""),MAX(INT(M15/規格門檻!$B$6)*INT(N15/規格門檻!$C$6),INT(M15/規格門檻!$C$6)*INT(N15/規格門檻!$B$6)),IF(H15="","",MAX(0,INT((H15-規格門檻!$D$8)/規格門檻!$D$6)))) -> 6 | S15: =IF(H15="","資料不足：先問坪數",IF(P15="太低","不適合：淨高不夠",IF(H15>=規格門檻!$D$12,"整棟太大：問能否分租約 "&TEXT(規格門檻!$D$18,"0")&" 坪",IF(Q15>=2,"2 面排球（龍蝦規格）",IF(R15>=2,"2 面排球（精簡）",IF(R15>=1,"1 面排球＋複合式",IF(H15>=規格門檻!$D$6,"勉強 1 面：公共區要很小","太小：放不下一面"))))))) -> 整棟太大：問能否分租約 312 坪 | T15: =IF(E15="","待查",IF(ISNUMBER(SEARCH("農業",E15)),"農業區：先問建管能否變更",IF(ISNUMBER(SEARCH("工",E15)),"工業區：可申請變更，仍要問建管","依使用執照，要問建管"))) -> 待查 | U15: =IF(OR(J15="",H15<規格門檻!$D$17),"",J15*規格門檻!$D$18) -> 127129.86 | V15: 7.6 | W15: 排丘 | X15: 太大；可問能否只租一部分 | Y15: 樂屋網 | Z15: 開啟連結
A16: C | B16: 寶山交流道三相電大面寬廠房 | C16: 寶山鄉 | D16: 大雅二街 | F16: 頂樓加蓋 | G16: 300 | H16: 0 | I16: 150000 | J16: =IF(OR(G16="",I16="",G16=0),"",I16/G16) -> 500 | O16: =IF(L16<>"",L16,IF(K16<>"",K16,"")) | P16: =IF(O16="","待量",IF(O16>=規格門檻!$D$10,"理想",IF(O16>=規格門檻!$D$11,"可打","太低"))) -> 待量 | Q16: =IF(AND(M16<>"",N16<>""),MAX(INT(M16/規格門檻!$B$5)*INT(N16/規格門檻!$C$5),INT(M16/規格門檻!$C$5)*INT(N16/規格門檻!$B$5)),IF(H16="","",MAX(0,INT((H16-規格門檻!$D$8)/規格門檻!$D$5)))) -> 0 | R16: =IF(AND(M16<>"",N16<>""),MAX(INT(M16/規格門檻!$B$6)*INT(N16/規格門檻!$C$6),INT(M16/規格門檻!$C$6)*INT(N16/規格門檻!$B$6)),IF(H16="","",MAX(0,INT((H16-規格門檻!$D$8)/規格門檻!$D$6)))) -> 0 | S16: =IF(H16="","資料不足：先問坪數",IF(P16="太低","不適合：淨高不夠",IF(H16>=規格門檻!$D$12,"整棟太大：問能否分租約 "&TEXT(規格門檻!$D$18,"0")&" 坪",IF(Q16>=2,"2 面排球（龍蝦規格）",IF(R16>=2,"2 面排球（精簡）",IF(R16>=1,"1 面排球＋複合式",IF(H16>=規格門檻!$D$6,"勉強 1 面：公共區要很小","太小：放不下一面"))))))) -> 太小：放不下一面 | T16: =IF(E16="","待查",IF(ISNUMBER(SEARCH("農業",E16)),"農業區：先問建管能否變更",IF(ISNUMBER(SEARCH("工",E16)),"工業區：可申請變更，仍要問建管","依使用執照，要問建管"))) -> 待查 | U16: =IF(OR(J16="",H16<規格門檻!$D$17),"",J16*規格門檻!$D$18) | V16: 0.8 | W16: 排丘 | X16: 頂樓加蓋，不適合做球場 | Y16: 樂屋網 | Z16: 開啟連結
A17: C | B17: 芎林國 3 旁工業廠房（可廠登） | C17: 芎林鄉 | D17: 文德路 | E17: 丁種工業區 | F17: 整棟／2F | G17: 1310 | H17: 655 | I17: 260000 | J17: =IF(OR(G17="",I17="",G17=0),"",I17/G17) -> 198.47328 | O17: =IF(L17<>"",L17,IF(K17<>"",K17,"")) | P17: =IF(O17="","待量",IF(O17>=規格門檻!$D$10,"理想",IF(O17>=規格門檻!$D$11,"可打","太低"))) -> 待量 | Q17: =IF(AND(M17<>"",N17<>""),MAX(INT(M17/規格門檻!$B$5)*INT(N17/規格門檻!$C$5),INT(M17/規格門檻!$C$5)*INT(N17/規格門檻!$B$5)),IF(H17="","",MAX(0,INT((H17-規格門檻!$D$8)/規格門檻!$D$5)))) -> 4 | R17: =IF(AND(M17<>"",N17<>""),MAX(INT(M17/規格門檻!$B$6)*INT(N17/規格門檻!$C$6),INT(M17/規格門檻!$C$6)*INT(N17/規格門檻!$B$6)),IF(H17="","",MAX(0,INT((H17-規格門檻!$D$8)/規格門檻!$D$6)))) -> 5 | S17: =IF(H17="","資料不足：先問坪數",IF(P17="太低","不適合：淨高不夠",IF(H17>=規格門檻!$D$12,"整棟太大：問能否分租約 "&TEXT(規格門檻!$D$18,"0")&" 坪",IF(Q17>=2,"2 面排球（龍蝦規格）",IF(R17>=2,"2 面排球（精簡）",IF(R17>=1,"1 面排球＋複合式",IF(H17>=規格門檻!$D$6,"勉強 1 面：公共區要很小","太小：放不下一面"))))))) -> 整棟太大：問能否分租約 312 坪 | T17: =IF(E17="","待查",IF(ISNUMBER(SEARCH("農業",E17)),"農業區：先問建管能否變更",IF(ISNUMBER(SEARCH("工",E17)),"工業區：可申請變更，仍要問建管","依使用執照，要問建管"))) -> 工業區：可申請變更，仍要問建管 | U17: =IF(OR(J17="",H17<規格門檻!$D$17),"",J17*規格門檻!$D$18) -> 61973.039 | V17: 6.6 | W17: 就醬瘋 | X17: 兩層樓、太大；可問 1 樓能否分租 | Y17: 591 | Z17: 開啟連結
A18: C | B18: 芎林工業區 1,960–5,880 坪 | C18: 芎林鄉 | D18: 五和街 | E18: 乙種工業區 | F18: 整棟／3F | G18: 5880 | H18: 1960 | I18: 4410000 | J18: =IF(OR(G18="",I18="",G18=0),"",I18/G18) -> 750 | O18: =IF(L18<>"",L18,IF(K18<>"",K18,"")) | P18: =IF(O18="","待量",IF(O18>=規格門檻!$D$10,"理想",IF(O18>=規格門檻!$D$11,"可打","太低"))) -> 待量 | Q18: =IF(AND(M18<>"",N18<>""),MAX(INT(M18/規格門檻!$B$5)*INT(N18/規格門檻!$C$5),INT(M18/規格門檻!$C$5)*INT(N18/規格門檻!$B$5)),IF(H18="","",MAX(0,INT((H18-規格門檻!$D$8)/規格門檻!$D$5)))) -> 14 | R18: =IF(AND(M18<>"",N18<>""),MAX(INT(M18/規格門檻!$B$6)*INT(N18/規格門檻!$C$6),INT(M18/規格門檻!$C$6)*INT(N18/規格門檻!$B$6)),IF(H18="","",MAX(0,INT((H18-規格門檻!$D$8)/規格門檻!$D$6)))) -> 17 | S18: =IF(H18="","資料不足：先問坪數",IF(P18="太低","不適合：淨高不夠",IF(H18>=規格門檻!$D$12,"整棟太大：問能否分租約 "&TEXT(規格門檻!$D$18,"0")&" 坪",IF(Q18>=2,"2 面排球（龍蝦規格）",IF(R18>=2,"2 面排球（精簡）",IF(R18>=1,"1 面排球＋複合式",IF(H18>=規格門檻!$D$6,"勉強 1 面：公共區要很小","太小：放不下一面"))))))) -> 整棟太大：問能否分租約 312 坪 | T18: =IF(E18="","待查",IF(ISNUMBER(SEARCH("農業",E18)),"農業區：先問建管能否變更",IF(ISNUMBER(SEARCH("工",E18)),"工業區：可申請變更，仍要問建管","依使用執照，要問建管"))) -> 工業區：可申請變更，仍要問建管 | U18: =IF(OR(J18="",H18<規格門檻!$D$17),"",J18*規格門檻!$D$18) -> 234186.58 | V18: 10.4 | W18: 就醬瘋 | X18: 太大 | Y18: 591 | Z18: 開啟連結
A19: C | B19: 芎林富林路三段倉庫 | C19: 芎林鄉 | D19: 富林路三段 | F19: 1F | G19: 65 | H19: 65 | I19: 36500 | J19: =IF(OR(G19="",I19="",G19=0),"",I19/G19) -> 561.53846 | K19: 7 | O19: =IF(L19<>"",L19,IF(K19<>"",K19,"")) -> 7 | P19: =IF(O19="","待量",IF(O19>=規格門檻!$D$10,"理想",IF(O19>=規格門檻!$D$11,"可打","太低"))) -> 可打 | Q19: =IF(AND(M19<>"",N19<>""),MAX(INT(M19/規格門檻!$B$5)*INT(N19/規格門檻!$C$5),INT(M19/規格門檻!$C$5)*INT(N19/規格門檻!$B$5)),IF(H19="","",MAX(0,INT((H19-規格門檻!$D$8)/規格門檻!$D$5)))) -> 0 | R19: =IF(AND(M19<>"",N19<>""),MAX(INT(M19/規格門檻!$B$6)*INT(N19/規格門檻!$C$6),INT(M19/規格門檻!$C$6)*INT(N19/規格門檻!$B$6)),IF(H19="","",MAX(0,INT((H19-規格門檻!$D$8)/規格門檻!$D$6)))) -> 0 | S19: =IF(H19="","資料不足：先問坪數",IF(P19="太低","不適合：淨高不夠",IF(H19>=規格門檻!$D$12,"整棟太大：問能否分租約 "&TEXT(規格門檻!$D$18,"0")&" 坪",IF(Q19>=2,"2 面排球（龍蝦規格）",IF(R19>=2,"2 面排球（精簡）",IF(R19>=1,"1 面排球＋複合式",IF(H19>=規格門檻!$D$6,"勉強 1 面：公共區要很小","太小：放不下一面"))))))) -> 太小：放不下一面 | T19: =IF(E19="","待查",IF(ISNUMBER(SEARCH("農業",E19)),"農業區：先問建管能否變更",IF(ISNUMBER(SEARCH("工",E19)),"工業區：可申請變更，仍要問建管","依使用執照，要問建管"))) -> 待查 | U19: =IF(OR(J19="",H19<規格門檻!$D$17),"",J19*規格門檻!$D$18) | V19: 5.9 | W19: 就醬瘋 | X19: 放不下一面場 | Y19: 新竹租屋網 | Z19: 開啟連結
A20: C | B20: 竹東長春路廠辦 | C20: 竹東鎮 | D20: 長春路三段 | E20: 特種工業區 | F20: 1–3F | G20: 133 | H20: 44 | I20: 98000 | J20: =IF(OR(G20="",I20="",G20=0),"",I20/G20) -> 736.84211 | O20: =IF(L20<>"",L20,IF(K20<>"",K20,"")) | P20: =IF(O20="","待量",IF(O20>=規格門檻!$D$10,"理想",IF(O20>=規格門檻!$D$11,"可打","太低"))) -> 待量 | Q20: =IF(AND(M20<>"",N20<>""),MAX(INT(M20/規格門檻!$B$5)*INT(N20/規格門檻!$C$5),INT(M20/規格門檻!$C$5)*INT(N20/規格門檻!$B$5)),IF(H20="","",MAX(0,INT((H20-規格門檻!$D$8)/規格門檻!$D$5)))) -> 0 | R20: =IF(AND(M20<>"",N20<>""),MAX(INT(M20/規格門檻!$B$6)*INT(N20/規格門檻!$C$6),INT(M20/規格門檻!$C$6)*INT(N20/規格門檻!$B$6)),IF(H20="","",MAX(0,INT((H20-規格門檻!$D$8)/規格門檻!$D$6)))) -> 0 | S20: =IF(H20="","資料不足：先問坪數",IF(P20="太低","不適合：淨高不夠",IF(H20>=規格門檻!$D$12,"整棟太大：問能否分租約 "&TEXT(規格門檻!$D$18,"0")&" 坪",IF(Q20>=2,"2 面排球（龍蝦規格）",IF(R20>=2,"2 面排球（精簡）",IF(R20>=1,"1 面排球＋複合式",IF(H20>=規格門檻!$D$6,"勉強 1 面：公共區要很小","太小：放不下一面"))))))) -> 太小：放不下一面 | T20: =IF(E20="","待查",IF(ISNUMBER(SEARCH("農業",E20)),"農業區：先問建管能否變更",IF(ISNUMBER(SEARCH("工",E20)),"工業區：可申請變更，仍要問建管","依使用執照，要問建管"))) -> 工業區：可申請變更，仍要問建管 | U20: =IF(OR(J20="",H20<規格門檻!$D$17),"",J20*規格門檻!$D$18) | V20: 6.8 | W20: 就醬瘋 | X20: 三層樓，每層太小 | Y20: 樂屋網／591 | Z20: 開啟連結
A21: C | B21: 竹東柯湖路三層廠房 | C21: 竹東鎮 | D21: 柯湖路三段 | F21: 整棟／3F | G21: 180 | H21: 60 | I21: 120000 | J21: =IF(OR(G21="",I21="",G21=0),"",I21/G21) -> 666.66667 | O21: =IF(L21<>"",L21,IF(K21<>"",K21,"")) | P21: =IF(O21="","待量",IF(O21>=規格門檻!$D$10,"理想",IF(O21>=規格門檻!$D$11,"可打","太低"))) -> 待量 | Q21: =IF(AND(M21<>"",N21<>""),MAX(INT(M21/規格門檻!$B$5)*INT(N21/規格門檻!$C$5),INT(M21/規格門檻!$C$5)*INT(N21/規格門檻!$B$5)),IF(H21="","",MAX(0,INT((H21-規格門檻!$D$8)/規格門檻!$D$5)))) -> 0 | R21: =IF(AND(M21<>"",N21<>""),MAX(INT(M21/規格門檻!$B$6)*INT(N21/規格門檻!$C$6),INT(M21/規格門檻!$C$6)*INT(N21/規格門檻!$B$6)),IF(H21="","",MAX(0,INT((H21-規格門檻!$D$8)/規格門檻!$D$6)))) -> 0 | S21: =IF(H21="","資料不足：先問坪數",IF(P21="太低","不適合：淨高不夠",IF(H21>=規格門檻!$D$12,"整棟太大：問能否分租約 "&TEXT(規格門檻!$D$18,"0")&" 坪",IF(Q21>=2,"2 面排球（龍蝦規格）",IF(R21>=2,"2 面排球（精簡）",IF(R21>=1,"1 面排球＋複合式",IF(H21>=規格門檻!$D$6,"勉強 1 面：公共區要很小","太小：放不下一面"))))))) -> 太小：放不下一面 | T21: =IF(E21="","待查",IF(ISNUMBER(SEARCH("農業",E21)),"農業區：先問建管能否變更",IF(ISNUMBER(SEARCH("工",E21)),"工業區：可申請變更，仍要問建管","依使用執照，要問建管"))) -> 待查 | U21: =IF(OR(J21="",H21<規格門檻!$D$17),"",J21*規格門檻!$D$18) | V21: 1.8 | W21: 就醬瘋 | X21: 三層樓，每層太小 | Y21: 591 | Z21: 開啟連結
A22: C | B22: 公道路旁倉庫 | C22: 竹東鎮 | D22: 公道路 | E22: 農業區 | F22: 整棟／1F | G22: 45 | H22: 45 | I22: 40000 | J22: =IF(OR(G22="",I22="",G22=0),"",I22/G22) -> 888.88889 | O22: =IF(L22<>"",L22,IF(K22<>"",K22,"")) | P22: =IF(O22="","待量",IF(O22>=規格門檻!$D$10,"理想",IF(O22>=規格門檻!$D$11,"可打","太低"))) -> 待量 | Q22: =IF(AND(M22<>"",N22<>""),MAX(INT(M22/規格門檻!$B$5)*INT(N22/規格門檻!$C$5),INT(M22/規格門檻!$C$5)*INT(N22/規格門檻!$B$5)),IF(H22="","",MAX(0,INT((H22-規格門檻!$D$8)/規格門檻!$D$5)))) -> 0 | R22: =IF(AND(M22<>"",N22<>""),MAX(INT(M22/規格門檻!$B$6)*INT(N22/規格門檻!$C$6),INT(M22/規格門檻!$C$6)*INT(N22/規格門檻!$B$6)),IF(H22="","",MAX(0,INT((H22-規格門檻!$D$8)/規格門檻!$D$6)))) -> 0 | S22: =IF(H22="","資料不足：先問坪數",IF(P22="太低","不適合：淨高不夠",IF(H22>=規格門檻!$D$12,"整棟太大：問能否分租約 "&TEXT(規格門檻!$D$18,"0")&" 坪",IF(Q22>=2,"2 面排球（龍蝦規格）",IF(R22>=2,"2 面排球（精簡）",IF(R22>=1,"1 面排球＋複合式",IF(H22>=規格門檻!$D$6,"勉強 1 面：公共區要很小","太小：放不下一面"))))))) -> 太小：放不下一面 | T22: =IF(E22="","待查",IF(ISNUMBER(SEARCH("農業",E22)),"農業區：先問建管能否變更",IF(ISNUMBER(SEARCH("工",E22)),"工業區：可申請變更，仍要問建管","依使用執照，要問建管"))) -> 農業區：先問建管能否變更 | U22: =IF(OR(J22="",H22<規格門檻!$D$17),"",J22*規格門檻!$D$18) | V22: 3.1 | W22: 可利 | X22: 太小 | Y22: 591 | Z22: 開啟連結
A23: 參考 | B23: 竹北 新寮街 倉庫 | C23: 竹北市 | D23: 新寮街 | G23: 158 | H23: 131 | I23: 79000 | J23: =IF(OR(G23="",I23="",G23=0),"",I23/G23) -> 500 | K23: 7 | O23: =IF(L23<>"",L23,IF(K23<>"",K23,"")) -> 7 | P23: =IF(O23="","待量",IF(O23>=規格門檻!$D$10,"理想",IF(O23>=規格門檻!$D$11,"可打","太低"))) -> 可打 | Q23: =IF(AND(M23<>"",N23<>""),MAX(INT(M23/規格門檻!$B$5)*INT(N23/規格門檻!$C$5),INT(M23/規格門檻!$C$5)*INT(N23/規格門檻!$B$5)),IF(H23="","",MAX(0,INT((H23-規格門檻!$D$8)/規格門檻!$D$5)))) -> 0 | R23: =IF(AND(M23<>"",N23<>""),MAX(INT(M23/規格門檻!$B$6)*INT(N23/規格門檻!$C$6),INT(M23/規格門檻!$C$6)*INT(N23/規格門檻!$B$6)),IF(H23="","",MAX(0,INT((H23-規格門檻!$D$8)/規格門檻!$D$6)))) -> 0 | S23: =IF(H23="","資料不足：先問坪數",IF(P23="太低","不適合：淨高不夠",IF(H23>=規格門檻!$D$12,"整棟太大：問能否分租約 "&TEXT(規格門檻!$D$18,"0")&" 坪",IF(Q23>=2,"2 面排球（龍蝦規格）",IF(R23>=2,"2 面排球（精簡）",IF(R23>=1,"1 面排球＋複合式",IF(H23>=規格門檻!$D$6,"勉強 1 面：公共區要很小","太小：放不下一面"))))))) -> 勉強 1 面：公共區要很小 | T23: =IF(E23="","待查",IF(ISNUMBER(SEARCH("農業",E23)),"農業區：先問建管能否變更",IF(ISNUMBER(SEARCH("工",E23)),"工業區：可申請變更，仍要問建管","依使用執照，要問建管"))) -> 待查 | U23: =IF(OR(J23="",H23<規格門檻!$D$17),"",J23*規格門檻!$D$18) | V23: 未定位 | X23: 租金行情參考（竹北）。室內 131 坪 | Y23: MixRent 搜尋 | Z23: 開啟連結
A24: 參考 | B24: 竹北 蓮花路 倉庫 | C24: 竹北市 | D24: 蓮花路 | G24: 270 | H24: 270 | I24: 120000 | J24: =IF(OR(G24="",I24="",G24=0),"",I24/G24) -> 444.44444 | O24: =IF(L24<>"",L24,IF(K24<>"",K24,"")) | P24: =IF(O24="","待量",IF(O24>=規格門檻!$D$10,"理想",IF(O24>=規格門檻!$D$11,"可打","太低"))) -> 待量 | Q24: =IF(AND(M24<>"",N24<>""),MAX(INT(M24/規格門檻!$B$5)*INT(N24/規格門檻!$C$5),INT(M24/規格門檻!$C$5)*INT(N24/規格門檻!$B$5)),IF(H24="","",MAX(0,INT((H24-規格門檻!$D$8)/規格門檻!$D$5)))) -> 1 | R24: =IF(AND(M24<>"",N24<>""),MAX(INT(M24/規格門檻!$B$6)*INT(N24/規格門檻!$C$6),INT(M24/規格門檻!$C$6)*INT(N24/規格門檻!$B$6)),IF(H24="","",MAX(0,INT((H24-規格門檻!$D$8)/規格門檻!$D$6)))) -> 2 | S24: =IF(H24="","資料不足：先問坪數",IF(P24="太低","不適合：淨高不夠",IF(H24>=規格門檻!$D$12,"整棟太大：問能否分租約 "&TEXT(規格門檻!$D$18,"0")&" 坪",IF(Q24>=2,"2 面排球（龍蝦規格）",IF(R24>=2,"2 面排球（精簡）",IF(R24>=1,"1 面排球＋複合式",IF(H24>=規格門檻!$D$6,"勉強 1 面：公共區要很小","太小：放不下一面"))))))) -> 2 面排球（精簡） | T24: =IF(E24="","待查",IF(ISNUMBER(SEARCH("農業",E24)),"農業區：先問建管能否變更",IF(ISNUMBER(SEARCH("工",E24)),"工業區：可申請變更，仍要問建管","依使用執照，要問建管"))) -> 待查 | U24: =IF(OR(J24="",H24<規格門檻!$D$17),"",J24*規格門檻!$D$18) -> 138777.23 | V24: 未定位 | X24: 租金行情參考（竹北） | Y24: MixRent 搜尋 | Z24: 開啟連結
A25: 參考 | B25: 竹北 中正西路 廠房 | C25: 竹北市 | D25: 中正西路 | G25: 300 | H25: 300 | I25: 150000 | J25: =IF(OR(G25="",I25="",G25=0),"",I25/G25) -> 500 | O25: =IF(L25<>"",L25,IF(K25<>"",K25,"")) | P25: =IF(O25="","待量",IF(O25>=規格門檻!$D$10,"理想",IF(O25>=規格門檻!$D$11,"可打","太低"))) -> 待量 | Q25: =IF(AND(M25<>"",N25<>""),MAX(INT(M25/規格門檻!$B$5)*INT(N25/規格門檻!$C$5),INT(M25/規格門檻!$C$5)*INT(N25/規格門檻!$B$5)),IF(H25="","",MAX(0,INT((H25-規格門檻!$D$8)/規格門檻!$D$5)))) -> 1 | R25: =IF(AND(M25<>"",N25<>""),MAX(INT(M25/規格門檻!$B$6)*INT(N25/規格門檻!$C$6),INT(M25/規格門檻!$C$6)*INT(N25/規格門檻!$B$6)),IF(H25="","",MAX(0,INT((H25-規格門檻!$D$8)/規格門檻!$D$6)))) -> 2 | S25: =IF(H25="","資料不足：先問坪數",IF(P25="太低","不適合：淨高不夠",IF(H25>=規格門檻!$D$12,"整棟太大：問能否分租約 "&TEXT(規格門檻!$D$18,"0")&" 坪",IF(Q25>=2,"2 面排球（龍蝦規格）",IF(R25>=2,"2 面排球（精簡）",IF(R25>=1,"1 面排球＋複合式",IF(H25>=規格門檻!$D$6,"勉強 1 面：公共區要很小","太小：放不下一面"))))))) -> 2 面排球（精簡） | T25: =IF(E25="","待查",IF(ISNUMBER(SEARCH("農業",E25)),"農業區：先問建管能否變更",IF(ISNUMBER(SEARCH("工",E25)),"工業區：可申請變更，仍要問建管","依使用執照，要問建管"))) -> 待查 | U25: =IF(OR(J25="",H25<規格門檻!$D$17),"",J25*規格門檻!$D$18) -> 156124.39 | V25: 未定位 | X25: 租金行情參考（竹北）；排郎也在中正西路 | Y25: MixRent 搜尋 | Z25: 開啟連結
A26: 參考 | B26: 香山 海埔路 倉庫 | C26: 新竹市香山區 | D26: 海埔路 | G26: 220 | H26: 220 | I26: 80000 | J26: =IF(OR(G26="",I26="",G26=0),"",I26/G26) -> 363.63636 | O26: =IF(L26<>"",L26,IF(K26<>"",K26,"")) | P26: =IF(O26="","待量",IF(O26>=規格門檻!$D$10,"理想",IF(O26>=規格門檻!$D$11,"可打","太低"))) -> 待量 | Q26: =IF(AND(M26<>"",N26<>""),MAX(INT(M26/規格門檻!$B$5)*INT(N26/規格門檻!$C$5),INT(M26/規格門檻!$C$5)*INT(N26/規格門檻!$B$5)),IF(H26="","",MAX(0,INT((H26-規格門檻!$D$8)/規格門檻!$D$5)))) -> 1 | R26: =IF(AND(M26<>"",N26<>""),MAX(INT(M26/規格門檻!$B$6)*INT(N26/規格門檻!$C$6),INT(M26/規格門檻!$C$6)*INT(N26/規格門檻!$B$6)),IF(H26="","",MAX(0,INT((H26-規格門檻!$D$8)/規格門檻!$D$6)))) -> 1 | S26: =IF(H26="","資料不足：先問坪數",IF(P26="太低","不適合：淨高不夠",IF(H26>=規格門檻!$D$12,"整棟太大：問能否分租約 "&TEXT(規格門檻!$D$18,"0")&" 坪",IF(Q26>=2,"2 面排球（龍蝦規格）",IF(R26>=2,"2 面排球（精簡）",IF(R26>=1,"1 面排球＋複合式",IF(H26>=規格門檻!$D$6,"勉強 1 面：公共區要很小","太小：放不下一面"))))))) -> 1 面排球＋複合式 | T26: =IF(E26="","待查",IF(ISNUMBER(SEARCH("農業",E26)),"農業區：先問建管能否變更",IF(ISNUMBER(SEARCH("工",E26)),"工業區：可申請變更，仍要問建管","依使用執照，要問建管"))) -> 待查 | U26: =IF(OR(J26="",H26<規格門檻!$D$17),"",J26*規格門檻!$D$18) | V26: 未定位 | X26: 租金行情參考（香山）；可大車出入 | Y26: MixRent 搜尋 | Z26: 開啟連結
A27: 參考 | B27: 竹北 環北路 廠房（2 樓） | C27: 竹北市 | D27: 環北路 | F27: 2F | G27: 470 | H27: 0 | I27: 200000 | J27: =IF(OR(G27="",I27="",G27=0),"",I27/G27) -> 425.53191 | K27: 6 | O27: =IF(L27<>"",L27,IF(K27<>"",K27,"")) -> 6 | P27: =IF(O27="","待量",IF(O27>=規格門檻!$D$10,"理想",IF(O27>=規格門檻!$D$11,"可打","太低"))) -> 太低 | Q27: =IF(AND(M27<>"",N27<>""),MAX(INT(M27/規格門檻!$B$5)*INT(N27/規格門檻!$C$5),INT(M27/規格門檻!$C$5)*INT(N27/規格門檻!$B$5)),IF(H27="","",MAX(0,INT((H27-規格門檻!$D$8)/規格門檻!$D$5)))) -> 0 | R27: =IF(AND(M27<>"",N27<>""),MAX(INT(M27/規格門檻!$B$6)*INT(N27/規格門檻!$C$6),INT(M27/規格門檻!$C$6)*INT(N27/規格門檻!$B$6)),IF(H27="","",MAX(0,INT((H27-規格門檻!$D$8)/規格門檻!$D$6)))) -> 0 | S27: =IF(H27="","資料不足：先問坪數",IF(P27="太低","不適合：淨高不夠",IF(H27>=規格門檻!$D$12,"整棟太大：問能否分租約 "&TEXT(規格門檻!$D$18,"0")&" 坪",IF(Q27>=2,"2 面排球（龍蝦規格）",IF(R27>=2,"2 面排球（精簡）",IF(R27>=1,"1 面排球＋複合式",IF(H27>=規格門檻!$D$6,"勉強 1 面：公共區要很小","太小：放不下一面"))))))) -> 不適合：淨高不夠 | T27: =IF(E27="","待查",IF(ISNUMBER(SEARCH("農業",E27)),"農業區：先問建管能否變更",IF(ISNUMBER(SEARCH("工",E27)),"工業區：可申請變更，仍要問建管","依使用執照，要問建管"))) -> 待查 | U27: =IF(OR(J27="",H27<規格門檻!$D$17),"",J27*規格門檻!$D$18) | V27: 未定位 | X27: 挑高 6 m、在 2 樓：不適合排球 | Y27: MixRent 搜尋 | Z27: 開啟連結
B29: 算法說明
B30: 可放幾面：有填實測長寬，就用長寬直接排（兩個方向都試）；沒填就用「(一樓可用坪數 − 公共區) ÷ 每面坪數」估。柱子擋到的話要自己扣。
B31: 估算月租：一樓夠放 2 面的物件，用刊登的每坪單價 × 2 面龍蝦規格所需坪數（約 310 坪）估，給要談分租的物件參考；實際分租單價通常會比較高。
B32: 建議方案只看大小和淨高；分區、消防、停車、噪音要另外確認（見「分區提醒」與企劃簡報的法規頁）。

Sheet 規格門檻
A1: 規格門檻（黃底可改）
A2: 坪＝3.3058 ㎡。這頁的數字是本企劃的假設，改了之後「廠房清單」會一起重算。
A4: 項目 | B4: 長（m） | C4: 寬（m） | D4: 坪 | E4: 說明／依據
A5: 每面場：龍蝦規格（舒適） | B5: 25 | C5: 18 | D5: =B5*C5/3.3058 -> 136.12439 | E5: 龍蝦排球館官網寫「打球區域 25 米長、18 米寬」；兩面場的館寫這個尺寸，判斷是每一面的打球區。打起來很舒服。
A6: 每面場：精簡規格 | B6: 24 | C6: 15 | D6: =B6*C6/3.3058 -> 108.89951 | E6: 球場 18×9 m＋四周 3 m 緩衝，FIVB 對一般比賽的最低緩衝。新莊 259 排球館是 24×17 m。
A8: 公共區（休息區、廁所、櫃台、走道） | D8: 40 | E8: 龍蝦的休息區深約 5 m（約 38 坪）；再加廁所、櫃台抓 40 坪。
A10: 淨高：理想（m） | D10: 9 | E10: 高球、跳發不會碰頂；羽球也夠用。國際正式比賽要 12.5 m，休閒館不需要。
A11: 淨高：最低（m） | D11: 7 | E11: 低於這個高度高球會碰頂。注意是「樑下、燈下」的淨高，不是屋頂最高點。
A12: 整棟太大：超過幾坪要談分租 | D12: 600 | E12: 超過就要問能不能只租一部分。
A14: 需要的總坪數
A15: 1 面（精簡） | D15: =D6*1+D8 -> 148.89951 | E15: ＝每面坪數 × 面數 ＋ 公共區。實際還要看形狀和柱子，長寬量到後以「廠房清單」的長寬算法為準。
A16: 1 面（龍蝦規格） | D16: =D5*1+D8 -> 176.12439 | E16: ＝每面坪數 × 面數 ＋ 公共區。實際還要看形狀和柱子，長寬量到後以「廠房清單」的長寬算法為準。
A17: 2 面（精簡） | D17: =D6*2+D8 -> 257.79902 | E17: ＝每面坪數 × 面數 ＋ 公共區。實際還要看形狀和柱子，長寬量到後以「廠房清單」的長寬算法為準。
A18: 2 面（龍蝦規格） | D18: =D5*2+D8 -> 312.24877 | E18: ＝每面坪數 × 面數 ＋ 公共區。實際還要看形狀和柱子，長寬量到後以「廠房清單」的長寬算法為準。

Sheet 場館尺寸對照
A1: 現有球館的面數與大小（踩點時量好填上）
A2: 只有龍蝦和新莊 259 有公開尺寸；其他館去打球時用雷射測距儀量打球區長寬、淨高，填黃底格。
A4: 球館 | B4: 地點 | C4: 面數 | D4: 每面打球區長（m） | E4: 每面打球區寬（m） | F4: 每面坪數 | G4: 打球區合計（坪） | H4: 淨高（m） | I4: 來源 | J4: 備註
A5: 龍蝦排球館 LongShot | B5: 寶山鄉大崎一路 | C5: 2 | D5: 25 | E5: 18 | F5: =IF(OR(D5="",E5=""),"",D5*E5/3.3058) -> 136.12439 | G5: =IF(F5="","",F5*C5) -> 272.24877 | I5: 龍蝦官網 | J5: 官網寫「打球區域 25 米長、18 米寬」，判斷是每一面；另有深約 5 m 休息區。打起來很舒服，是 2 面場的參考。
A6: 可利's 排球小棧（1–3 館） | B6: 寶山鄉大崎一路 3 巷 | C6: 5 | F6: =IF(OR(D6="",E6=""),"",D6*E6/3.3058) | G6: =IF(F6="","",F6*C6) | I6: Threads 球友統計（面數） | J6: 3 館共 5 面；三館也開匹克球。
A7: Volley Chill × 排丘 | B7: 寶山鄉大崎一路 | C7: 1 | F7: =IF(OR(D7="",E7=""),"",D7*E7/3.3058) | G7: =IF(F7="","",F7*C7) | I7: Threads 球友統計（面數）
A8: 就醬瘋 JCV | B8: 寶山鄉（園區二路） | C8: 1 | F8: =IF(OR(D8="",E8=""),"",D8*E8/3.3058) | G8: =IF(F8="","",F8*C8) | I8: Threads 球友統計（面數） | J8: 挑高、明亮
A9: 啪！排郎 | B9: 竹北市中正西路 | C9: 1 | F9: =IF(OR(D9="",E9=""),"",D9*E9/3.3058) | G9: =IF(F9="","",F9*C9) | I9: Threads 球友統計（面數）
A10: 新莊 259 排球館（外縣市參考） | B10: 新北市新莊 | C10: 1 | D10: 24 | E10: 17 | F10: =IF(OR(D10="",E10=""),"",D10*E10/3.3058) -> 123.41944 | G10: =IF(F10="","",F10*C10) -> 123.41944 | I10: 愛來運動 259 排球館頁面 | J10: 兩側緩衝縮成 2.7／5.3 m，私人館常見的妥協。
A11: 國際正式比賽（FIVB） | B11: — | C11: 1 | D11: 31 | E11: 19 | F11: =IF(OR(D11="",E11=""),"",D11*E11/3.3058) -> 178.1717 | G11: =IF(F11="","",F11*C11) -> 178.1717 | H11: 12.5 | I11: FIVB 規則 | J11: 緩衝區兩側 5 m、底線後 6.5 m；休閒館不需要做到這樣。
A13: 私人球館合計面數 | C13: =SUM(C5:C9) -> 10

Sheet 複合式配置
A1: 一面排球場的空間（25×18 m）可以怎麼用
A2: 只開 1 面場時，同一塊地板畫多種線，平日白天、離峰時段給其他運動用。價格是黃底假設，可改。
A4: 運動 | B4: 球場尺寸（m） | C4: 含緩衝每面約（m） | D4: 25×18 m 可放幾面 | E4: 網高（m） | F4: 淨高需求 | G4: 每面每小時場租（元） | H4: 每小時可收（元） | I4: 價格依據 | J4: 注意
A5: 排球 | B5: 18 × 9 | C5: 25 × 18 | D5: 1 | E5: 男 2.43／女 2.24 | F5: 7 m 以上，9 m 理想 | G5: =4200/3 -> 1400 | H5: =IF(G5="","",G5*D5) -> 1400 | I5: 企劃假設：尖峰包場 4,200 元／3 小時（參考新莊 259） | J5: 主力。包場、季租、臨打。
A6: 羽球 | B6: 13.4 × 6.1 | C6: 約 17.4 × 8 | D6: 3 | E6: 1.55 | F6: 7 m 可打，9 m 以上較好 | G6: 550 | H6: =IF(G6="","",G6*D6) -> 1650 | I6: 竹北沛傑羽球館：18–22 點與假日 550 元／小時、09–18 點 450 元 | J6: 打羽球時大型吊扇要關（球會飄）；燈不能刺眼。3 面羽球並排要 24.6 m 寬，25 m 剛好。
A7: 匹克球 | B7: 13.41 × 6.1 | C7: 最少 9.1 × 18.3 | D7: 2 | E7: 0.91（中間 0.86） | F7: 6 m 以上即可 | H7: =IF(G7="","",G7*D7) | I7: 新竹匹克球館租場價待查；竹北運動中心體驗場 200 元／人 | J7: 兩面並排要 18.3 m，比 18 m 多一點，緩衝要稍微縮。打擊聲比較大，注意鄰居。
A8: 籃球（3 對 3 半場） | B8: 15 × 11 | C8: 約 17 × 13 | D8: 1 | E8: 籃框 3.05 | F8: 7 m 以上 | H8: =IF(G8="","",G8*D8) | I8: 待查 | J8: 要買可移動籃架；籃球落地對地板衝擊大，地板要選夠耐的。
A11: 怎麼看
A12: 同一小時，3 面羽球（3 × 550＝1,650 元）和 1 面排球包場（約 1,400 元）收入差不多；平日白天排球很難租出去，羽球、匹克球比較容易填滿。
A13: 複合式的代價：地板線多會亂、要準備多種網柱和收納空間、預約系統要分運動；排球族群可能覺得「不專業」。
A14: 寶山已經有閃電匹克館、P9 複合式運動競技館、Pickle Pickleball Club，可利三館也開匹克球，動智 SportXAI 複合運動館也宣布要開；開在寶山的話複合式也要面對競爭。
